lead_id,email,vertical,source,created_at,region
1087,Sophia.wagner@aon.com,household,direct,05/02/2024,
1056,lea.brunner@outlook.com,household,newsletter,2024-04-22,Carinthia
1071,michael.fischer@gmx.net,auto,google,25.09.2024,Vorarlberg
1095,emma.leitner@outlook.com,household,google,2024-10-30,Carinthia
1032,clara.moser@gmail.com,life,direct,06.10.2024,Salzburg
1009,Anna.aigner@gmx.net,life,google,22.10.2024,Carinthia
1097,lea.weber@outlook.com,life,google,2024-07-28,Salzburg
1028,sophie.aigner@hotmail.com,life,newsletter,26.05.2024,Burgenland
1084,lukas.mayer@aon.com ,life,google,11.08.2024,Lower Austria
1098,felix.mayer@gmx.net,household,direct,03/04/2024,Vienna
1117,NOAH.GRUBER@GMAIL.COM,household,newsletter,2024-08-19,Tyrol
1114,stefan.fischer@outlook.com,household,direct,07/26/2024,Carinthia
1034,sophie.mayer@gmail.com ,life,newsletter,01.08.2024,Upper Austria
1027,  thomas.mueller@outlook.com,auto,newsletter,2024-04-28,Lower Austria
1069,mia.berger@gmail.com,household,newsletter,2024-10-22,Salzburg
1058,eva.winkler@gmail.com,life,google,09.02.2024,Upper Austria
1111,elias.winkler@outlook.com,life,google,2024-07-20,Vienna
1117,NOAH.GRUBER@GMAIL.COM,household,google,2024-08-19,Vienna
1075,SOPHIA.WEBER@aon.com,,newsletter,2024-05-12,Tyrol
1102,clara.mayer@gmail.com,life,newsletter,2024-06-12,Lower Austria
1021,  florian.fuchs@aon.com,household,google,03/10/2024,
1096,paul.fuchs@outlook.com,household,newsletter,27.02.2024,Tyrol
1041,NINA.EDER@HOTMAIL.COM,life,google,05/08/2024,Lower Austria
1112,julia.mueller@gmail.com,household,google,22.06.2024,Vorarlberg
1083,lea.leitner@gmx.net,household,newsletter,04/29/2024,Tyrol
1020,florian.fuchs@aon.com,household,direct,21.03.2024,Carinthia
1079,mia.steiner@aon.com,household,google,03/09/2024,Tyrol
1016,Mia.berger@gmail.com,life,google,24.03.2024,Upper Austria
1092,julia.aigner@gmx.net,life,newsletter,2024-08-13,Upper Austria
1063,  lena.lang@outlook.com,household,direct,08.05.2024,Lower Austria
1004,tobias.pichler@gmail.com,auto,newsletter,2024-07-28,Carinthia
1072,nina.huber@hotmail.com,life,direct,2024-05-07,Vienna
1086,SOPHIE.WAGNER@OUTLOOK.COM,household,newsletter,12.02.2024,Vorarlberg
1116,noah.gruber@gmail.com,household,google,30.04.2024,Lower Austria
1043,jonas.aigner@gmx.net,auto,newsletter,2024-05-11,Vorarlberg
1100,CLARA.AIGNER@gmx.net,life,google,01/31/2024,Vorarlberg
1060,marie.steiner@outlook.com,household,newsletter,2024-04-25,Lower Austria
1093,emma.leitner@outlook.com,auto,direct,10/25/2024,Vienna
1061,jakob.wagner@outlook.com,auto,direct,2024-03-28,Tyrol
1001,hannah.mueller@gmail.com,household,google,2024-10-05,Upper Austria
1045,tobias.gruber@hotmail.com,,direct,10/11/2024,Vorarlberg
1101,CLARA.MAYER@GMAIL.COM,life,direct,09.09.2024,Styria
1024,  laura.gruber@outlook.com,life,newsletter,03.08.2024,Carinthia
1099,sophie.berger@gmail.com,auto,google,08.10.2024,Vorarlberg
1068,paul.aigner@hotmail.com,auto,newsletter,06/18/2024,Upper Austria
1066,noah.huber@gmail.com,household,direct,2024-07-08,Styria
1044,paul.berger@gmail.com,household,direct,10/17/2024,Burgenland
1015,laura.pichler@gmx.net,auto,google,2024-06-06,Lower Austria
1010,emma.aigner@outlook.com,household,google,20.10.2024,
1077,julia.pichler@hotmail.com,auto,newsletter,2024-05-28,Styria
1091,noah.lang@outlook.com,life,direct,2024-07-29,Lower Austria
1008,  tobias.weber@aon.com,auto,google,21.09.2024,Upper Austria
1104,sophie.gruber@hotmail.com,household,newsletter,2024-05-23,Burgenland
1022,florian.fuchs@aon.com,household,direct,05/11/2024,Carinthia
1048,JULIA.WINKLER@OUTLOOK.COM,life,google,22.03.2024,Lower Austria
1019,sophie.eder@gmail.com,household,direct,2024-08-18,Lower Austria
1052,leon.aigner@aon.com,household,newsletter,2024-04-26,Carinthia
1113,paul.fischer@hotmail.com,life,google,2024-03-18,Tyrol
1053,leon.aigner@aon.com,household,direct,2024-06-25,Vorarlberg
1118,lukas.eder@hotmail.com,auto,direct,2024-07-14,Styria
1067,paul.aigner@hotmail.com,life,newsletter,2024-05-22,Tyrol
1011,TOBIAS.SCHMID@aon.com,life,newsletter,2024-07-25,Lower Austria
1070,mia.berger@gmail.com,household,newsletter,2024-04-07,
1035,lena.hofer@outlook.com,auto,direct,17.07.2024,Carinthia
1065,eva.hofer@aon.com,household,google,02/09/2024,Vorarlberg
1076,JULIA.PICHLER@HOTMAIL.COM,,newsletter,2024-04-08,Burgenland
1106,laura.winkler@gmx.net ,life,newsletter,08/04/2024,Tyrol
1115,noah.gruber@gmail.com,auto,direct,2024-09-10,Tyrol
1023,laura.gruber@outlook.com,auto,google,03/24/2024,Styria
1054,  laura.brunner@outlook.com,household,direct,04.10.2024,Vienna
1042,JONAS.AIGNER@gmx.net,life,direct,2024-04-26,Burgenland
1103,sophie.gruber@gmx.net,auto,newsletter,03/05/2024,Tyrol
1012,laura.huber@gmx.net,auto,direct,2024-10-19,Tyrol
1017,mia.berger@gmail.com,household,google,2024-05-19,Carinthia
1047,julia.brunner@hotmail.com,auto,newsletter,2024-02-13,Burgenland
1075,SOPHIA.WEBER@aon.com,life,google,2024-05-12,Burgenland
1005,Paul.aigner@gmail.com,life,direct,08/24/2024,Burgenland
1057,florian.mayer@gmx.net,life,direct,2024-02-15,
1040,leon.mayer@gmx.net,life,direct,2024-02-11,Carinthia
1006,CLARA.FISCHER@GMAIL.COM,household,google,09/10/2024,Burgenland
1013,emma.fischer@hotmail.com,auto,newsletter,2024-07-01,Vorarlberg
1081,jakob.berger@outlook.com,auto,direct,07.02.2024,Vienna
1018,  sophie.eder@gmail.com,auto,direct,01/27/2024,Styria
1119,elias.mueller@gmx.net,household,direct,14.02.2024,Vorarlberg
1080,mia.weber@gmail.com,auto,newsletter,08/17/2024,Vorarlberg
1025,Laura.gruber@outlook.com,life,google,2024-05-11,Vienna
1019,sophie.eder@gmail.com,household,direct,2024-08-18,Vienna
1029,sophie.aigner@hotmail.com,auto,newsletter,2024-06-22,Tyrol
1107,thomas.pichler@aon.com,life,newsletter,10/31/2024,Vorarlberg
1094,emma.leitner@outlook.com,life,newsletter,04/03/2024,Styria
1030,  sophie.aigner@hotmail.com,household,newsletter,24.01.2024,Salzburg
1037,florian.fuchs@gmx.net,life,newsletter,18.08.2024,Styria
1064,eva.hofer@aon.com,household,direct,2024-10-20,Salzburg
1078,  julia.pichler@hotmail.com,life,google,2024-06-07,Vienna
1007,  anna.wagner@gmx.net,life,newsletter,13.06.2024,Burgenland
1088,mia.pichler@gmx.net,life,direct,19.05.2024,Upper Austria
1073,eva.steiner@aon.com,auto,newsletter,27.04.2024,Salzburg
1002,leon.hofer@gmx.net,life,google,2024-02-12,Burgenland
1036,hannah.fuchs@gmx.net ,auto,newsletter,05.01.2024,Salzburg
1051,leon.aigner@aon.com,household,direct,05.06.2024,Burgenland
1085,lukas.mayer@aon.com,household,direct,2024-04-20,Upper Austria
1003,leon.hofer@gmx.net,auto,google,2024-01-12,Vorarlberg
1105,sophie.weber@gmx.net,life,direct,04/11/2024,Lower Austria
1090,david.hofer@aon.com,life,newsletter,2024-06-10,Vorarlberg
1038,paul.hofer@gmail.com,life,direct,2024-05-29,Upper Austria
1108,thomas.pichler@aon.com,household,direct,06.10.2024,Carinthia
1046,lena.hofer@gmail.com,household,direct,2024-05-10,Upper Austria
1074,jonas.mueller@hotmail.com,life,direct,2024-10-02,Vorarlberg
1049,lea.schmid@gmx.net,household,google,2024-06-22,Carinthia
1031,  sophia.lang@hotmail.com,life,google,2024-09-22,Carinthia
1014,laura.pichler@gmx.net,life,direct,2024-06-07,Burgenland
1062,jakob.wagner@outlook.com,household,newsletter,10/25/2024,Upper Austria
1110,  elias.winkler@outlook.com,life,newsletter,02.08.2024,Carinthia
1050,laura.pichler@gmx.net,auto,direct,2024-10-30,Vienna
1026,THOMAS.MUELLER@OUTLOOK.COM,household,newsletter,2024-04-27,Upper Austria
1030,  sophie.aigner@hotmail.com,household,newsletter,24.01.2024,Tyrol
1109,clara.winkler@gmx.net,life,google,17.06.2024,Upper Austria
1059,mia.gruber@gmail.com,auto,google,2024-01-15,Lower Austria
1033,lukas.mayer@hotmail.com,life,google,22.06.2024,Tyrol
1089,PAUL.WINKLER@aon.com,auto,newsletter,10/09/2024,Lower Austria
1055,laura.brunner@outlook.com,auto,newsletter,2024-02-16,Tyrol
1082,anna.mueller@hotmail.com,auto,google,2024-10-19,Carinthia
1039,jakob.steiner@aon.com,auto,google,2024-04-29,Vorarlberg
